"DevTools failed to load SourceMap: Could not load content for chrome-extension://gighmmpiobklfepjocnamgkkbiglidom/include.preload.js.map: HTTP error: status code 404, net::ERR_UNKNOWN_URL_SCHEME"
"DevTools failed to load SourceMap: Could not load content for chrome-extension://gighmmpiobklfepjocnamgkkbiglidom/include.postload.js.map: HTTP error: status code 404, net::ERR_UNKNOWN_URL_SCHEME"
VM2285 previewScripts.js:16 Model is ready.
VM2285 previewScripts.js:16 0.x:  394.8149798952813
VM2285 previewScripts.js:16 0.y:  227.41524203711316
VM2285 previewScripts.js:16 1.x:  424.2583699068363
VM2285 previewScripts.js:16 1.y:  197.0736557512488
VM2285 previewScripts.js:16 2.x:  366.1754877339562
VM2285 previewScripts.js:16 2.y:  197.83827114291125
VM2285 previewScripts.js:16 3.x:  456.1804618612367
VM2285 previewScripts.js:16 3.y:  215.98850391529226
VM2285 previewScripts.js:16 4.x:  330.3826963785331
VM2285 previewScripts.js:16 4.y:  221.98071604351316
VM2285 previewScripts.js:16 5.x:  503.38969091225783
VM2285 previewScripts.js:16 5.y:  355.644307573404
VM2285 previewScripts.js:16 6.x:  274.36613503022966
VM2285 previewScripts.js:16 6.y:  371.23508386444627
VM2285 previewScripts.js:16 7.x:  559.0299356471725
VM2285 previewScripts.js:16 7.y:  535.8951352957861
VM2285 previewScripts.js:16 8.x:  211.93979958576998
VM2285 previewScripts.js:16 8.y:  496.39746414987667
VM2285 previewScripts.js:16 9.x:  510.3537588138097
VM2285 previewScripts.js:16 9.y:  520.314829567952
VM2285 previewScripts.js:16 10.x:  233.1471291108903
VM2285 previewScripts.js:16 10.y:  415.6374711599963
VM2285 previewScripts.js:16 11.x:  477.14350873266744
VM2285 previewScripts.js:16 11.y:  557.2507780197768
VM2285 previewScripts.js:16 12.x:  318.37340884738495
VM2285 previewScripts.js:16 12.y:  552.8229907892833
VM2285 previewScripts.js:16 13.x:  460.8187655026917
VM2285 previewScripts.js:16 13.y:  550.9090900978847
VM2285 previewScripts.js:16 14.x:  319.975459896333
VM2285 previewScripts.js:16 14.y:  549.1947612799631
VM2285 previewScripts.js:16 15.x:  455.4905450832077
VM2285 previewScripts.js:16 15.y:  559.5888254563478
VM2285 previewScripts.js:16 16.x:  316.8103845310025
VM2285 previewScripts.js:16 16.y:  556.0930385180616
VM2285 previewScripts.js:16 Time elapsed:  3598.634999943897
VM2285 previewScripts.js:16 ----------------------------
VM2285 previewScripts.js:16 0.x:  367.8109449717501
VM2285 previewScripts.js:16 0.y:  219.5558965508236
VM2285 previewScripts.js:16 1.x:  398.0096414725915
VM2285 previewScripts.js:16 1.y:  192.4051462511802
VM2285 previewScripts.js:16 2.x:  337.20564397919713
VM2285 previewScripts.js:16 2.y:  189.75449589957964
VM2285 previewScripts.js:16 3.x:  425.8494297198617
VM2285 previewScripts.js:16 3.y:  219.1696758344624
VM2285 previewScripts.js:16 4.x:  303.9555061444437
VM2285 previewScripts.js:16 4.y:  221.96786980879932
VM2285 previewScripts.js:16 5.x:  477.61503386915774
VM2285 previewScripts.js:16 5.y:  338.0722622936464
VM2285 previewScripts.js:16 6.x:  258.051926610995
VM2285 previewScripts.js:16 6.y:  363.8835563436586
VM2285 previewScripts.js:16 7.x:  626.1146018937317
VM2285 previewScripts.js:16 7.y:  469.9960904186464
VM2285 previewScripts.js:16 8.x:  174.30117423074287
VM2285 previewScripts.js:16 8.y:  496.71408967432683
VM2285 previewScripts.js:16 9.x:  559.3614783482244
VM2285 previewScripts.js:16 9.y:  408.12856930738303
VM2285 previewScripts.js:16 10.x:  212.28968867549187
VM2285 previewScripts.js:16 10.y:  436.3916896054154
VM2285 previewScripts.js:16 11.x:  478.32788091886346
VM2285 previewScripts.js:16 11.y:  551.9712802820038
VM2285 previewScripts.js:16 12.x:  283.8503278765762
VM2285 previewScripts.js:16 12.y:  551.2787686175072
VM2285 previewScripts.js:16 13.x:  477.95369220755947
VM2285 previewScripts.js:16 13.y:  540.7614699395311
VM2285 previewScripts.js:16 14.x:  299.9334693745098
VM2285 previewScripts.js:16 14.y:  548.9866944549144
VM2285 previewScripts.js:16 15.x:  475.15691478350004
VM2285 previewScripts.js:16 15.y:  559.924819678591
VM2285 previewScripts.js:16 16.x:  297.3810776678907
VM2285 previewScripts.js:16 16.y:  554.4170883803339
VM2285 previewScripts.js:16 Time elapsed:  3729.8000000882894
VM2285 previewScripts.js:16 ----------------------------
VM2285 previewScripts.js:16 0.x:  368.6284537808007
VM2285 previewScripts.js:16 0.y:  220.2015006379542
VM2285 previewScripts.js:16 1.x:  396.0282285218118
VM2285 previewScripts.js:16 1.y:  191.21214035658807
VM2285 previewScripts.js:16 2.x:  337.28482326336535
VM2285 previewScripts.js:16 2.y:  188.0305650499132
VM2285 previewScripts.js:16 3.x:  425.76582702279785
VM2285 previewScripts.js:16 3.y:  218.108455665395
VM2285 previewScripts.js:16 4.x:  304.9872879117553
VM2285 previewScripts.js:16 4.y:  224.66773793478922
VM2285 previewScripts.js:16 5.x:  490.64774838572123
VM2285 previewScripts.js:16 5.y:  338.9655576114766
VM2285 previewScripts.js:16 6.x:  254.4663629661991
VM2285 previewScripts.js:16 6.y:  368.4353001168829
VM2285 previewScripts.js:16 7.x:  631.5444583409478
VM2285 previewScripts.js:16 7.y:  451.3696193880969
VM2285 previewScripts.js:16 8.x:  147.94474997715642
VM2285 previewScripts.js:16 8.y:  515.4333603172971
VM2285 previewScripts.js:16 9.x:  586.0991818909524
VM2285 previewScripts.js:16 9.y:  413.87901618466736
VM2285 previewScripts.js:16 10.x:  187.75577597218413
VM2285 previewScripts.js:16 10.y:  420.6736948708577
VM2285 previewScripts.js:16 11.x:  476.7956783896998
VM2285 previewScripts.js:16 11.y:  550.2081150106984
VM2285 previewScripts.js:16 12.x:  284.1933002434743
VM2285 previewScripts.js:16 12.y:  551.9079732616045
VM2285 previewScripts.js:16 13.x:  479.7104597928231
VM2285 previewScripts.js:16 13.y:  540.6772374084353
VM2285 previewScripts.js:16 14.x:  297.98803853709796
VM2285 previewScripts.js:16 14.y:  535.0570128442715
VM2285 previewScripts.js:16 15.x:  476.14478841859693
VM2285 previewScripts.js:16 15.y:  556.2713419298912
VM2285 previewScripts.js:16 16.x:  298.02660044173746
VM2285 previewScripts.js:16 16.y:  554.1915834066231
VM2285 previewScripts.js:16 Time elapsed:  3853.855000110343
VM2285 previewScripts.js:16 ----------------------------
VM2285 previewScripts.js:16 0.x:  378.13177789163865
VM2285 previewScripts.js:16 0.y:  216.0086181521648
VM2285 previewScripts.js:16 1.x:  405.62453182584824
VM2285 previewScripts.js:16 1.y:  192.0929758172286
VM2285 previewScripts.js:16 2.x:  346.49474205329403
VM2285 previewScripts.js:16 2.y:  187.21758926123903
VM2285 previewScripts.js:16 3.x:  434.5834832442434
VM2285 previewScripts.js:16 3.y:  218.12297887969436
VM2285 previewScripts.js:16 4.x:  312.4191462645056
VM2285 previewScripts.js:16 4.y:  221.8434734976547
VM2285 previewScripts.js:16 5.x:  479.1554998654371
VM2285 previewScripts.js:16 5.y:  325.3389045462506
VM2285 previewScripts.js:16 6.x:  262.93690017789424
VM2285 previewScripts.js:16 6.y:  367.7797117474948
VM2285 previewScripts.js:16 7.x:  629.628822966161
VM2285 previewScripts.js:16 7.y:  427.007180970547
VM2285 previewScripts.js:16 8.x:  202.1062093217935
VM2285 previewScripts.js:16 8.y:  535.5775528995149
VM2285 previewScripts.js:16 9.x:  594.0541612056263
VM2285 previewScripts.js:16 9.y:  450.28346368443897
VM2285 previewScripts.js:16 10.x:  232.5493129559195
VM2285 previewScripts.js:16 10.y:  494.148581283599
VM2285 previewScripts.js:16 11.x:  475.69480226750954
VM2285 previewScripts.js:16 11.y:  550.6164283083195
VM2285 previewScripts.js:16 12.x:  301.55261941355803
VM2285 previewScripts.js:16 12.y:  551.1594145479257
VM2285 previewScripts.js:16 13.x:  477.1094016210842
VM2285 previewScripts.js:16 13.y:  538.6914499740154
VM2285 previewScripts.js:16 14.x:  299.98529876649496
VM2285 previewScripts.js:16 14.y:  550.8837718108476
VM2285 previewScripts.js:16 15.x:  475.25569833974856
VM2285 previewScripts.js:16 15.y:  556.2692299409683
VM2285 previewScripts.js:16 16.x:  297.3857884100306
VM2285 previewScripts.js:16 16.y:  555.5130338018168
VM2285 previewScripts.js:16 Time elapsed:  3964.390000095591
VM2285 previewScripts.js:16 ----------------------------
VM2285 previewScripts.js:16 0.x:  387.9470004254614
VM2285 previewScripts.js:16 0.y:  217.01119525158379
VM2285 previewScripts.js:16 1.x:  415.0998225221392
VM2285 previewScripts.js:16 1.y:  187.51705534044527
VM2285 previewScripts.js:16 2.x:  353.90509354440786
VM2285 previewScripts.js:16 2.y:  187.83755296852155
VM2285 previewScripts.js:16 3.x:  445.27807403029055
VM2285 previewScripts.js:16 3.y:  214.846110204507
VM2285 previewScripts.js:16 4.x:  324.36086197345577
VM2285 previewScripts.js:16 4.y:  223.08546783863682
VM2285 previewScripts.js:16 5.x:  490.6080136661641
VM2285 previewScripts.js:16 5.y:  336.4018454746893
VM2285 previewScripts.js:16 6.x:  266.184706660042
VM2285 previewScripts.js:16 6.y:  364.84999509815117
VM2285 previewScripts.js:16 7.x:  620.8491644013462
VM2285 previewScripts.js:16 7.y:  419.59910030253445
VM2285 previewScripts.js:16 8.x:  165.99655894972892
VM2285 previewScripts.js:16 8.y:  481.0207053141752
VM2285 previewScripts.js:16 9.x:  581.6823106434842
VM2285 previewScripts.js:16 9.y:  431.42520361708847
VM2285 previewScripts.js:16 10.x:  198.53086906566952
VM2285 previewScripts.js:16 10.y:  408.3828265392757
VM2285 previewScripts.js:16 11.x:  475.3856642576221
VM2285 previewScripts.js:16 11.y:  550.7101029959338
VM2285 previewScripts.js:16 12.x:  302.76672422769707
VM2285 previewScripts.js:16 12.y:  528.3923494513737
VM2285 previewScripts.js:16 13.x:  457.91387353491825
VM2285 previewScripts.js:16 13.y:  552.2401109959414
VM2285 previewScripts.js:16 14.x:  320.1512436745924
VM2285 previewScripts.js:16 14.y:  551.9402219538102
VM2285 previewScripts.js:16 15.x:  454.2173645138508
VM2285 previewScripts.js:16 15.y:  559.5902452970805
VM2285 previewScripts.js:16 16.x:  317.87751270316494
VM2285 previewScripts.js:16 16.y:  555.1638020595379
VM2285 previewScripts.js:16 Time elapsed:  4222.224999917671
VM2285 previewScripts.js:16 ----------------------------
VM2285 previewScripts.js:16 0.x:  410.2771924113669
VM2285 previewScripts.js:16 0.y:  224.7976904677601
VM2285 previewScripts.js:16 1.x:  435.51260013096976
VM2285 previewScripts.js:16 1.y:  193.69045265004416
VM2285 previewScripts.js:16 2.x:  376.2901767187881
VM2285 previewScripts.js:16 2.y:  196.7781893784075
VM2285 previewScripts.js:16 3.x:  468.862705639696
VM2285 previewScripts.js:16 3.y:  217.7817078826488
VM2285 previewScripts.js:16 4.x:  345.7617336221141
VM2285 previewScripts.js:16 4.y:  225.80772950170564
VM2285 previewScripts.js:16 5.x:  512.9732913487603
VM2285 previewScripts.js:16 5.y:  363.68300529018944
VM2285 previewScripts.js:16 6.x:  281.8725645425956
VM2285 previewScripts.js:16 6.y:  351.302345677426
VM2285 previewScripts.js:16 7.x:  584.1479176898681
VM2285 previewScripts.js:16 7.y:  522.8919396948861
VM2285 previewScripts.js:16 8.x:  184.22076903820965
VM2285 previewScripts.js:16 8.y:  464.25180535567426
VM2285 previewScripts.js:16 9.x:  559.6635827404714
VM2285 previewScripts.js:16 9.y:  507.49029088903353
VM2285 previewScripts.js:16 10.x:  231.930714508711
VM2285 previewScripts.js:16 10.y:  434.83909294619195
VM2285 previewScripts.js:16 11.x:  478.3399396007753
VM2285 previewScripts.js:16 11.y:  554.0253226891828
VM2285 previewScripts.js:16 12.x:  305.1808115938718
VM2285 previewScripts.js:16 12.y:  548.9218008773834
VM2285 previewScripts.js:16 13.x:  480.14902207818875
VM2285 previewScripts.js:16 13.y:  549.7810360795108
VM2285 previewScripts.js:16 14.x:  320.48255221420794
VM2285 previewScripts.js:16 14.y:  550.4757190726654
VM2285 previewScripts.js:16 15.x:  475.8867322538796
VM2285 previewScripts.js:16 15.y:  559.459380508631
VM2285 previewScripts.js:16 16.x:  316.47244786193727
VM2285 previewScripts.js:16 16.y:  556.8998700415182
VM2285 previewScripts.js:16 Time elapsed:  4315.5900000128895
VM2285 previewScripts.js:16 ----------------------------
VM2285 previewScripts.js:16 0.x:  411.2530815020407
VM2285 previewScripts.js:16 0.y:  228.86541414911517
VM2285 previewScripts.js:16 1.x:  440.4700736181545
VM2285 previewScripts.js:16 1.y:  197.13497585720484
VM2285 previewScripts.js:16 2.x:  378.82713057609095
VM2285 previewScripts.js:16 2.y:  199.8975476047449
VM2285 previewScripts.js:16 3.x:  469.76645248442827
VM2285 previewScripts.js:16 3.y:  219.7735948172229
VM2285 previewScripts.js:16 4.x:  350.3075226008543
VM2285 previewScripts.js:16 4.y:  230.85703353435673
VM2285 previewScripts.js:16 5.x:  512.1589681465491
VM2285 previewScripts.js:16 5.y:  361.20799996002376
VM2285 previewScripts.js:16 6.x:  289.94054783157435
VM2285 previewScripts.js:16 6.y:  360.3249152408473
VM2285 previewScripts.js:16 7.x:  598.8546711287768
VM2285 previewScripts.js:16 7.y:  505.9402733518366
VM2285 previewScripts.js:16 8.x:  222.34354179040264
VM2285 previewScripts.js:16 8.y:  502.13227210686216
VM2285 previewScripts.js:16 9.x:  542.0762875205592
VM2285 previewScripts.js:16 9.y:  520.9974194502505
VM2285 previewScripts.js:16 10.x:  268.7010207743208
VM2285 previewScripts.js:16 10.y:  510.94806158054644
VM2285 previewScripts.js:16 11.x:  476.9088791220741
VM2285 previewScripts.js:16 11.y:  549.0718474211516
VM2285 previewScripts.js:16 12.x:  305.86301807306893
VM2285 previewScripts.js:16 12.y:  549.4007775379202
VM2285 previewScripts.js:16 13.x:  482.46127004047116
VM2285 previewScripts.js:16 13.y:  550.3696130823206
VM2285 previewScripts.js:16 14.x:  319.2881272224887
VM2285 previewScripts.js:16 14.y:  552.9577725951434
VM2285 previewScripts.js:16 15.x:  474.8774980987489
VM2285 previewScripts.js:16 15.y:  558.3429905406215
VM2285 previewScripts.js:16 16.x:  315.63687865497076
VM2285 previewScripts.js:16 16.y:  557.011959380806
VM2285 previewScripts.js:16 Time elapsed:  4417.369999922812
VM2285 previewScripts.js:16 ----------------------------
VM2285 previewScripts.js:16 0.x:  413.0518523991456
VM2285 previewScripts.js:16 0.y:  235.2821085374025
VM2285 previewScripts.js:16 1.x:  441.4073555929619
VM2285 previewScripts.js:16 1.y:  200.9563911542093
VM2285 previewScripts.js:16 2.x:  378.4774151926617
VM2285 previewScripts.js:16 2.y:  203.75108804386724
VM2285 previewScripts.js:16 3.x:  470.4382181446454
VM2285 previewScripts.js:16 3.y:  220.09600187602797
VM2285 previewScripts.js:16 4.x:  348.94193534033104
VM2285 previewScripts.js:16 4.y:  229.28223191646106
VM2285 previewScripts.js:16 5.x:  510.87223224007823
VM2285 previewScripts.js:16 5.y:  360.0261487458881
VM2285 previewScripts.js:16 6.x:  275.87412278322216
VM2285 previewScripts.js:16 6.y:  345.51200167709857
VM2285 previewScripts.js:16 7.x:  603.0065465856482
VM2285 previewScripts.js:16 7.y:  529.1650699964973
VM2285 previewScripts.js:16 8.x:  200.13370644047012
VM2285 previewScripts.js:16 8.y:  493.4687278702942
VM2285 previewScripts.js:16 9.x:  518.0169094747503
VM2285 previewScripts.js:16 9.y:  511.5930984824256
VM2285 previewScripts.js:16 10.x:  225.38401702226486
VM2285 previewScripts.js:16 10.y:  498.3651797720331
VM2285 previewScripts.js:16 11.x:  477.2145693297507
VM2285 previewScripts.js:16 11.y:  556.6019658317342
VM2285 previewScripts.js:16 12.x:  288.21549681427416
VM2285 previewScripts.js:16 12.y:  549.8909725315622
VM2285 previewScripts.js:16 13.x:  461.75528870223786
VM2285 previewScripts.js:16 13.y:  552.0270031190987
VM2285 previewScripts.js:16 14.x:  301.09044749834385
VM2285 previewScripts.js:16 14.y:  550.7896533393488
VM2285 previewScripts.js:16 15.x:  456.8567050688448
VM2285 previewScripts.js:16 15.y:  558.5392536289743
VM2285 previewScripts.js:16 16.x:  316.00119220815435
VM2285 previewScripts.js:16 16.y:  556.0300390529818
VM2285 previewScripts.js:16 Time elapsed:  4695.145000005141
VM2285 previewScripts.js:16 ----------------------------
VM2285 previewScripts.js:16 0.x:  389.0380883170382
VM2285 previewScripts.js:16 0.y:  237.7744571321424
VM2285 previewScripts.js:16 1.x:  416.83355156673554
VM2285 previewScripts.js:16 1.y:  204.20646236189157
VM2285 previewScripts.js:16 2.x:  358.0324411671064
VM2285 previewScripts.js:16 2.y:  204.54168903432623
VM2285 previewScripts.js:16 3.x:  449.80080647310547
VM2285 previewScripts.js:16 3.y:  222.73559778522093
VM2285 previewScripts.js:16 4.x:  328.20939508330287
VM2285 previewScripts.js:16 4.y:  226.08942161991348
VM2285 previewScripts.js:16 5.x:  501.053008884482
VM2285 previewScripts.js:16 5.y:  346.17745977628533
VM2285 previewScripts.js:16 6.x:  284.5482690524869
VM2285 previewScripts.js:16 6.y:  340.9058628491258
VM2285 previewScripts.js:16 7.x:  600.7444361636512
VM2285 previewScripts.js:16 7.y:  509.33848479570236
VM2285 previewScripts.js:16 8.x:  199.70011642337076
VM2285 previewScripts.js:16 8.y:  429.2259760627969
VM2285 previewScripts.js:16 9.x:  564.544891892818
VM2285 previewScripts.js:16 9.y:  448.4948290254173
VM2285 previewScripts.js:16 10.x:  186.62539714493482
VM2285 previewScripts.js:16 10.y:  387.9320646587171
VM2285 previewScripts.js:16 11.x:  479.43946035284745
VM2285 previewScripts.js:16 11.y:  552.398029647143
VM2285 previewScripts.js:16 12.x:  304.83963637324104
VM2285 previewScripts.js:16 12.y:  529.1663269875806
VM2285 previewScripts.js:16 13.x:  478.5019036900927
VM2285 previewScripts.js:16 13.y:  534.3755770380269
VM2285 previewScripts.js:16 14.x:  318.78364700555335
VM2285 previewScripts.js:16 14.y:  549.5822661104257
VM2285 previewScripts.js:16 15.x:  475.6651329947726
VM2285 previewScripts.js:16 15.y:  559.722011038202
VM2285 previewScripts.js:16 16.x:  317.09983037461546
VM2285 previewScripts.js:16 16.y:  553.3330959743923
VM2285 previewScripts.js:16 Time elapsed:  4785.284999990836
VM2285 previewScripts.js:16 ----------------------------
VM2285 previewScripts.js:16 0.x:  381.3859703852187
VM2285 previewScripts.js:16 0.y:  240.51115827950815
VM2285 previewScripts.js:16 1.x:  412.8867344549525
VM2285 previewScripts.js:16 1.y:  204.0197292870713
VM2285 previewScripts.js:16 2.x:  350.5272265577409
VM2285 previewScripts.js:16 2.y:  205.78957362481725
VM2285 previewScripts.js:16 3.x:  440.2105812533789
VM2285 previewScripts.js:16 3.y:  219.53522704498113
VM2285 previewScripts.js:16 4.x:  319.07959235341923
VM2285 previewScripts.js:16 4.y:  227.5659768623218
VM2285 previewScripts.js:16 5.x:  489.22277617872805
VM2285 previewScripts.js:16 5.y:  344.8084947612086
VM2285 previewScripts.js:16 6.x:  259.5108188221097
VM2285 previewScripts.js:16 6.y:  344.15365178217894
VM2285 previewScripts.js:16 7.x:  627.4886638797515
VM2285 previewScripts.js:16 7.y:  486.08842935246093
VM2285 previewScripts.js:16 8.x:  172.73254275554336
VM2285 previewScripts.js:16 8.y:  393.11381617019975
VM2285 previewScripts.js:16 9.x:  578.9064971466511
VM2285 previewScripts.js:16 9.y:  449.91875364069347
VM2285 previewScripts.js:16 10.x:  163.16392567655032
VM2285 previewScripts.js:16 10.y:  299.22638593826144
VM2285 previewScripts.js:16 11.x:  459.262000301428
VM2285 previewScripts.js:16 11.y:  549.9233651858324
VM2285 previewScripts.js:16 12.x:  260.46024538155416
VM2285 previewScripts.js:16 12.y:  535.5652902465582
VM2285 previewScripts.js:16 13.x:  461.20142113163223
VM2285 previewScripts.js:16 13.y:  551.4038728412828
VM2285 previewScripts.js:16 14.x:  278.39007126657583
VM2285 previewScripts.js:16 14.y:  539.238293519494
VM2285 previewScripts.js:16 15.x:  455.85476196764967
VM2285 previewScripts.js:16 15.y:  559.9824242842825
VM2285 previewScripts.js:16 16.x:  278.60249673646325
VM2285 previewScripts.js:16 16.y:  553.0184294048108
VM2285 previewScripts.js:16 Time elapsed:  4884.090000065044
VM2285 previewScripts.js:16 ----------------------------
VM2285 previewScripts.js:16 0.x:  372.6963339167961
VM2285 previewScripts.js:16 0.y:  238.94657767074614
VM2285 previewScripts.js:16 1.x:  403.3475834956178
VM2285 previewScripts.js:16 1.y:  207.9506054259183
VM2285 previewScripts.js:16 2.x:  344.0794268453795
VM2285 previewScripts.js:16 2.y:  206.1968661005269
VM2285 previewScripts.js:16 3.x:  433.8864355849476
VM2285 previewScripts.js:16 3.y:  223.8021805969595
VM2285 previewScripts.js:16 4.x:  314.1810462163438
VM2285 previewScripts.js:16 4.y:  229.71863804272505
VM2285 previewScripts.js:16 5.x:  487.8068729869106
VM2285 previewScripts.js:16 5.y:  341.2491029140777
VM2285 previewScripts.js:16 6.x:  257.8624094764159
VM2285 previewScripts.js:16 6.y:  351.479702181751
VM2285 previewScripts.js:16 7.x:  627.306509631419
VM2285 previewScripts.js:16 7.y:  445.0701880501492
VM2285 previewScripts.js:16 8.x:  129.71013416788497
VM2285 previewScripts.js:16 8.y:  453.17416661431685
VM2285 previewScripts.js:16 9.x:  601.4018535056309
VM2285 previewScripts.js:16 9.y:  433.6256685312728
VM2285 previewScripts.js:16 10.x:  192.46057105110867
VM2285 previewScripts.js:16 10.y:  353.8101904201693
VM2285 previewScripts.js:16 11.x:  480.13818967644465
VM2285 previewScripts.js:16 11.y:  549.5874844378197
VM2285 previewScripts.js:16 12.x:  285.8103731687073
VM2285 previewScripts.js:16 12.y:  530.7059976975587
VM2285 previewScripts.js:16 13.x:  480.2279768677947
VM2285 previewScripts.js:16 13.y:  548.8641940408747
VM2285 previewScripts.js:16 14.x:  300.9322886624996
VM2285 previewScripts.js:16 14.y:  549.592304192556
VM2285 previewScripts.js:16 15.x:  476.3070877997266
VM2285 previewScripts.js:16 15.y:  559.9916060300831
VM2285 previewScripts.js:16 16.x:  298.63895081637196
VM2285 previewScripts.js:16 16.y:  553.5784656309012
VM2285 previewScripts.js:16 Time elapsed:  4965.825000079349
VM2285 previewScripts.js:16 ----------------------------
VM2285 previewScripts.js:16 0.x:  369.1183489526224
VM2285 previewScripts.js:16 0.y:  239.53584526017391
VM2285 previewScripts.js:16 1.x:  400.500573795906
VM2285 previewScripts.js:16 1.y:  207.3516447130467
VM2285 previewScripts.js:16 2.x:  340.35694851048044
VM2285 previewScripts.js:16 2.y:  205.91265524107575
VM2285 previewScripts.js:16 3.x:  429.274012991327
VM2285 previewScripts.js:16 3.y:  225.06355627703152
VM2285 previewScripts.js:16 4.x:  307.6359852573328
VM2285 previewScripts.js:16 4.y:  224.58058080245644
VM2285 previewScripts.js:16 5.x:  481.0622972633406
VM2285 previewScripts.js:16 5.y:  333.58948110836985
VM2285 previewScripts.js:16 6.x:  262.6844317638851
VM2285 previewScripts.js:16 6.y:  353.82032368382977
VM2285 previewScripts.js:16 7.x:  629.2345774987054
VM2285 previewScripts.js:16 7.y:  435.2083511798702
VM2285 previewScripts.js:16 8.x:  139.8381533260234
VM2285 previewScripts.js:16 8.y:  416.70278805738303
VM2285 previewScripts.js:16 9.x:  576.3645929109748
VM2285 previewScripts.js:16 9.y:  402.6123136107684
VM2285 previewScripts.js:16 10.x:  97.81207406265229
VM2285 previewScripts.js:16 10.y:  297.00921785529357
VM2285 previewScripts.js:16 11.x:  499.1372288597954
VM2285 previewScripts.js:16 11.y:  531.2705021016081
VM2285 previewScripts.js:16 12.x:  284.1348058391965
VM2285 previewScripts.js:16 12.y:  551.2535169575414
VM2285 previewScripts.js:16 13.x:  497.65957912274035
VM2285 previewScripts.js:16 13.y:  547.5396930776376
VM2285 previewScripts.js:16 14.x:  300.67347580461706
VM2285 previewScripts.js:16 14.y:  552.7982263397752
VM2285 previewScripts.js:16 15.x:  493.6076233029133
VM2285 previewScripts.js:16 15.y:  557.1322315059907
VM2285 previewScripts.js:16 16.x:  295.4159310919035
VM2285 previewScripts.js:16 16.y:  555.9687353063513
VM2285 previewScripts.js:16 Time elapsed:  5250.1749999355525
VM2285 previewScripts.js:16 ----------------------------
VM2285 previewScripts.js:16 0.x:  374.05158208359984
VM2285 previewScripts.js:16 0.y:  233.88239988806652
VM2285 previewScripts.js:16 1.x:  401.3300052813851
VM2285 previewScripts.js:16 1.y:  203.95114742524441
VM2285 previewScripts.js:16 2.x:  342.1125924331635
VM2285 previewScripts.js:16 2.y:  204.1950679429558
VM2285 previewScripts.js:16 3.x:  429.12479095756424
VM2285 previewScripts.js:16 3.y:  222.34676903916147
VM2285 previewScripts.js:16 4.x:  307.0113439727248
VM2285 previewScripts.js:16 4.y:  227.793728417588
VM2285 previewScripts.js:16 5.x:  494.1871021412037
VM2285 previewScripts.js:16 5.y:  330.1599067554139
VM2285 previewScripts.js:16 6.x:  262.57270292464284
VM2285 previewScripts.js:16 6.y:  368.8475473861248
VM2285 previewScripts.js:16 7.x:  593.3371298866198
VM2285 previewScripts.js:16 7.y:  387.81851071363303
VM2285 previewScripts.js:16 8.x:  160.57320816010295
VM2285 previewScripts.js:16 8.y:  508.51180108202357
VM2285 previewScripts.js:16 9.x:  592.9522705078125
VM2285 previewScripts.js:16 9.y:  391.4646884851288
VM2285 previewScripts.js:16 10.x:  170.51404629534449
VM2285 previewScripts.js:16 10.y:  398.9097579506173
VM2285 previewScripts.js:16 11.x:  498.5837119922303
VM2285 previewScripts.js:16 11.y:  531.6187778643929
VM2285 previewScripts.js:16 12.x:  303.18650452017084
VM2285 previewScripts.js:16 12.y:  550.7787288792184
VM2285 previewScripts.js:16 13.x:  495.61738339548685
VM2285 previewScripts.js:16 13.y:  545.2968390689723
VM2285 previewScripts.js:16 14.x:  319.65837642230946
VM2285 previewScripts.js:16 14.y:  552.395447848136
VM2285 previewScripts.js:16 15.x:  492.7750639143975
VM2285 previewScripts.js:16 15.y:  555.2168437519036
VM2285 previewScripts.js:16 16.x:  316.34794298435975
VM2285 previewScripts.js:16 16.y:  555.6783614428188
VM2285 previewScripts.js:16 Time elapsed:  5341.500000096858
VM2285 previewScripts.js:16 ----------------------------
VM2285 previewScripts.js:16 0.x:  378.00759700306673
VM2285 previewScripts.js:16 0.y:  233.52029127451874
VM2285 previewScripts.js:16 1.x:  406.9512183949729
VM2285 previewScripts.js:16 1.y:  203.06002313862996
VM2285 previewScripts.js:16 2.x:  347.74047732585586
VM2285 previewScripts.js:16 2.y:  202.46346635428085
VM2285 previewScripts.js:16 3.x:  435.7263097335488
VM2285 previewScripts.js:16 3.y:  222.67637048316044
VM2285 previewScripts.js:16 4.x:  312.13376169781003
VM2285 previewScripts.js:16 4.y:  226.6140175981131
VM2285 previewScripts.js:16 5.x:  500.219556722957
VM2285 previewScripts.js:16 5.y:  336.00551047520327
VM2285 previewScripts.js:16 6.x:  264.99788934956746
VM2285 previewScripts.js:16 6.y:  367.38280119719326
VM2285 previewScripts.js:16 7.x:  586.0157398127208
VM2285 previewScripts.js:16 7.y:  456.6095552202786
VM2285 previewScripts.js:16 8.x:  160.06553486309087
VM2285 previewScripts.js:16 8.y:  480.09320056461684
VM2285 previewScripts.js:16 9.x:  563.2234730265061
VM2285 previewScripts.js:16 9.y:  441.93826537847985
VM2285 previewScripts.js:16 10.x:  151.1441028141371
VM2285 previewScripts.js:16 10.y:  419.99199597691467
VM2285 previewScripts.js:16 11.x:  494.4999697798641
VM2285 previewScripts.js:16 11.y:  549.6182851809972
VM2285 previewScripts.js:16 12.x:  302.47298212776406
VM2285 previewScripts.js:16 12.y:  550.579255756579
VM2285 previewScripts.js:16 13.x:  478.7692444226895
VM2285 previewScripts.js:16 13.y:  550.7267841539884
VM2285 previewScripts.js:16 14.x:  319.2280869549013
VM2285 previewScripts.js:16 14.y:  553.9356143943979
VM2285 previewScripts.js:16 15.x:  476.35353965833633
VM2285 previewScripts.js:16 15.y:  558.3622082120959
VM2285 previewScripts.js:16 16.x:  316.08526962310015
VM2285 previewScripts.js:16 16.y:  556.4754080075269
VM2285 previewScripts.js:16 Time elapsed:  5457.819999894127
VM2285 previewScripts.js:16 ----------------------------
VM2285 previewScripts.js:16 0.x:  393.64988271255936
VM2285 previewScripts.js:16 0.y:  230.4634013928865
VM2285 previewScripts.js:16 1.x:  420.2120913678442
VM2285 previewScripts.js:16 1.y:  197.16329384965502
VM2285 previewScripts.js:16 2.x:  360.42817567524156
VM2285 previewScripts.js:16 2.y:  199.7300751446283
VM2285 previewScripts.js:16 3.x:  449.83316759849384
VM2285 previewScripts.js:16 3.y:  216.41737523367067
VM2285 previewScripts.js:16 4.x:  325.67267166940786
VM2285 previewScripts.js:16 4.y:  224.10578201621132
VM2285 previewScripts.js:16 5.x:  519.8494043777793
VM2285 previewScripts.js:16 5.y:  354.644123397143
VM2285 previewScripts.js:16 6.x:  272.12218940838966
VM2285 previewScripts.js:16 6.y:  358.17199617798565
VM2285 previewScripts.js:16 7.x:  576.8425120154784
VM2285 previewScripts.js:16 7.y:  487.31709441246346
VM2285 previewScripts.js:16 8.x:  164.2732390465095
VM2285 previewScripts.js:16 8.y:  460.24079618398207
VM2285 previewScripts.js:16 9.x:  521.8910725911458
VM2285 previewScripts.js:16 9.y:  489.4875164664047
VM2285 previewScripts.js:16 10.x:  183.01846926207662
VM2285 previewScripts.js:16 10.y:  391.1171450252421
VM2285 previewScripts.js:16 11.x:  499.2089203133685
VM2285 previewScripts.js:16 11.y:  551.1849594859816
VM2285 previewScripts.js:16 12.x:  306.85268885443315
VM2285 previewScripts.js:16 12.y:  530.4286363389757
VM2285 previewScripts.js:16 13.x:  501.2181049666674
VM2285 previewScripts.js:16 13.y:  550.5609844720851
VM2285 previewScripts.js:16 14.x:  319.1960880956222
VM2285 previewScripts.js:16 14.y:  551.1365989402489
VM2285 previewScripts.js:16 15.x:  496.3812675252992
VM2285 previewScripts.js:16 15.y:  558.737657669692
VM2285 previewScripts.js:16 16.x:  315.50906830131424
VM2285 previewScripts.js:16 16.y:  557.5288914611697
VM2285 previewScripts.js:16 Time elapsed:  5733.375000068918
VM2285 previewScripts.js:16 ----------------------------
VM2285 previewScripts.js:16 0.x:  413.5112520035712
VM2285 previewScripts.js:16 0.y:  230.74518333866348
VM2285 previewScripts.js:16 1.x:  441.43875850803903
VM2285 previewScripts.js:16 1.y:  199.0776655409071
VM2285 previewScripts.js:16 2.x:  379.7690880461278
VM2285 previewScripts.js:16 2.y:  204.29003085309301
VM2285 previewScripts.js:16 3.x:  472.2351871364065
VM2285 previewScripts.js:16 3.y:  219.15372222022933
VM2285 previewScripts.js:16 4.x:  352.50083402815847
VM2285 previewScripts.js:16 4.y:  233.47408896998354
VM2285 previewScripts.js:16 5.x:  508.8619406181469
VM2285 previewScripts.js:16 5.y:  352.91563216241013
VM2285 previewScripts.js:16 6.x:  272.8012418096293
VM2285 previewScripts.js:16 6.y:  348.89026307223133
VM2285 previewScripts.js:16 7.x:  632.6086021259746
VM2285 previewScripts.js:16 7.y:  468.3084374143366
VM2285 previewScripts.js:16 8.x:  208.13754968475877
VM2285 previewScripts.js:16 8.y:  495.36059730931333
VM2285 previewScripts.js:16 9.x:  577.0242526703178
VM2285 previewScripts.js:16 9.y:  441.1571016367416
VM2285 previewScripts.js:16 10.x:  242.61689749377513
VM2285 previewScripts.js:16 10.y:  470.7597413537097
VM2285 previewScripts.js:16 11.x:  491.51755587631726
VM2285 previewScripts.js:16 11.y:  533.4488438537478
VM2285 previewScripts.js:16 12.x:  286.1313235039367
VM2285 previewScripts.js:16 12.y:  548.873082211143
VM2285 previewScripts.js:16 13.x:  479.5161324588411
VM2285 previewScripts.js:16 13.y:  552.4526674147935
VM2285 previewScripts.js:16 14.x:  301.69057240030685
VM2285 previewScripts.js:16 14.y:  549.3921749122426
VM2285 previewScripts.js:16 15.x:  473.9211845769752
VM2285 previewScripts.js:16 15.y:  559.504802919503
VM2285 previewScripts.js:16 16.x:  298.61017387048076
VM2285 previewScripts.js:16 16.y:  557.0666548522591
VM2285 previewScripts.js:16 Time elapsed:  5838.109999895096
VM2285 previewScripts.js:16 ----------------------------
VM2285 previewScripts.js:16 0.x:  414.7676089400204
VM2285 previewScripts.js:16 0.y:  234.09201638740404
VM2285 previewScripts.js:16 1.x:  442.8772014298169
VM2285 previewScripts.js:16 1.y:  200.1371978551556
VM2285 previewScripts.js:16 2.x:  382.3532220494677
VM2285 previewScripts.js:16 2.y:  204.70660293311403
VM2285 previewScripts.js:16 3.x:  475.2397090324416
VM2285 previewScripts.js:16 3.y:  217.90999354907177
VM2285 previewScripts.js:16 4.x:  354.97879623204875
VM2285 previewScripts.js:16 4.y:  228.98448505364428
VM2285 previewScripts.js:16 5.x:  512.0370144314236
VM2285 previewScripts.js:16 5.y:  363.8737526460465
VM2285 previewScripts.js:16 6.x:  297.41765875565375
VM2285 previewScripts.js:16 6.y:  338.2067062050743
VM2285 previewScripts.js:16 7.x:  620.3002192030641
VM2285 previewScripts.js:16 7.y:  490.15788831208874
VM2285 previewScripts.js:16 8.x:  188.53840788902593
VM2285 previewScripts.js:16 8.y:  396.0380616662098
VM2285 previewScripts.js:16 9.x:  606.8092313472755
VM2285 previewScripts.js:16 9.y:  449.47335226493965
VM2285 previewScripts.js:16 10.x:  195.2725323831361
VM2285 previewScripts.js:16 10.y:  372.1844672784935
VM2285 previewScripts.js:16 11.x:  475.9480023895323
VM2285 previewScripts.js:16 11.y:  553.2350762499238
VM2285 previewScripts.js:16 12.x:  303.87694003753955
VM2285 previewScripts.js:16 12.y:  550.3102769163849
VM2285 previewScripts.js:16 13.x:  483.0176337467067
VM2285 previewScripts.js:16 13.y:  552.3543252628914
VM2285 previewScripts.js:16 14.x:  317.97045315450623
VM2285 previewScripts.js:16 14.y:  549.539646200734
VM2285 previewScripts.js:16 15.x:  475.9762281748751
VM2285 previewScripts.js:16 15.y:  559.5548663222999
VM2285 previewScripts.js:16 16.x:  315.6366412960298
VM2285 previewScripts.js:16 16.y:  556.8149102640431
VM2285 previewScripts.js:16 Time elapsed:  5939.1300000716
VM2285 previewScripts.js:16 ----------------------------
VM2285 previewScripts.js:16 0.x:  412.93417530914957
VM2285 previewScripts.js:16 0.y:  233.916989451031
VM2285 previewScripts.js:16 1.x:  440.0917799802784
VM2285 previewScripts.js:16 1.y:  198.74467362669708
VM2285 previewScripts.js:16 2.x:  378.7048609029015
VM2285 previewScripts.js:16 2.y:  205.35940069901312
VM2285 previewScripts.js:16 3.x:  471.6306862635919
VM2285 previewScripts.js:16 3.y:  220.13083623399046
VM2285 previewScripts.js:16 4.x:  351.012442962468
VM2285 previewScripts.js:16 4.y:  234.79279724478022
VM2285 previewScripts.js:16 5.x:  513.9477110745614
VM2285 previewScripts.js:16 5.y:  362.73643538268686
VM2285 previewScripts.js:16 6.x:  303.1260011907209
VM2285 previewScripts.js:16 6.y:  328.6197999950505
VM2285 previewScripts.js:16 7.x:  591.0961069326419
VM2285 previewScripts.js:16 7.y:  511.82587800202543
VM2285 previewScripts.js:16 8.x:  202.31005930761145
VM2285 previewScripts.js:16 8.y:  380.92569511071514
VM2285 previewScripts.js:16 9.x:  555.2717700385675
VM2285 previewScripts.js:16 9.y:  499.526966533698
VM2285 previewScripts.js:16 10.x:  201.46256876270672
VM2285 previewScripts.js:16 10.y:  372.9895650108887
VM2285 previewScripts.js:16 11.x:  476.42741004393577
VM2285 previewScripts.js:16 11.y:  553.1170701887639
VM2285 previewScripts.js:16 12.x:  303.00538120678755
VM2285 previewScripts.js:16 12.y:  534.9790350782012
VM2285 previewScripts.js:16 13.x:  475.7503130282575
VM2285 previewScripts.js:16 13.y:  533.3465130008452
VM2285 previewScripts.js:16 14.x:  317.04416970295745
VM2285 previewScripts.js:16 14.y:  551.8791445607562
VM2285 previewScripts.js:16 15.x:  475.013728448522
VM2285 previewScripts.js:16 15.y:  557.1391449569494
VM2285 previewScripts.js:16 16.x:  314.7331145585861
VM2285 previewScripts.js:16 16.y:  556.0736146447254
VM2285 previewScripts.js:16 Time elapsed:  6234.304999932647
VM2285 previewScripts.js:16 ----------------------------
VM2285 previewScripts.js:16 0.x:  381.94472166065117
VM2285 previewScripts.js:16 0.y:  229.41100598311095
VM2285 previewScripts.js:16 1.x:  410.1954891807154
VM2285 previewScripts.js:16 1.y:  195.81388596205682
VM2285 previewScripts.js:16 2.x:  348.51027579800194
VM2285 previewScripts.js:16 2.y:  201.8587557846575
VM2285 previewScripts.js:16 3.x:  440.3398298891896
VM2285 previewScripts.js:16 3.y:  216.88681619209154
VM2285 previewScripts.js:16 4.x:  320.4940529687595
VM2285 previewScripts.js:16 4.y:  226.96142423455012
VM2285 previewScripts.js:16 5.x:  498.09472513477704
VM2285 previewScripts.js:16 5.y:  344.5443945693226
VM2285 previewScripts.js:16 6.x:  270.5154478433769
VM2285 previewScripts.js:16 6.y:  351.5137147066886
VM2285 previewScripts.js:16 7.x:  609.3305454663133
VM2285 previewScripts.js:16 7.y:  520.5033508657712
VM2285 previewScripts.js:16 8.x:  203.72693692034446
VM2285 previewScripts.js:16 8.y:  473.79000955622564
VM2285 previewScripts.js:16 9.x:  534.6738845795451
VM2285 previewScripts.js:16 9.y:  489.86548351265526
VM2285 previewScripts.js:16 10.x:  215.8160959582115
VM2285 previewScripts.js:16 10.y:  418.38347020437374
VM2285 previewScripts.js:16 11.x:  476.25364872447227
VM2285 previewScripts.js:16 11.y:  550.9171650609542
VM2285 previewScripts.js:16 12.x:  284.2057565313566
VM2285 previewScripts.js:16 12.y:  550.2336081937972
VM2285 previewScripts.js:16 13.x:  478.21007035164337
VM2285 previewScripts.js:16 13.y:  533.9261738738121
VM2285 previewScripts.js:16 14.x:  302.10863853290994
VM2285 previewScripts.js:16 14.y:  554.1576714171769
VM2285 previewScripts.js:16 15.x:  476.227710865162
VM2285 previewScripts.js:16 15.y:  558.0988119917306
VM2285 previewScripts.js:16 16.x:  296.5613405699851
VM2285 previewScripts.js:16 16.y:  557.4906576353671
VM2285 previewScripts.js:16 Time elapsed:  6321.084999945015
VM2285 previewScripts.js:16 ----------------------------
VM2285 previewScripts.js:16 0.x:  373.0690326653493
VM2285 previewScripts.js:16 0.y:  227.84676713553085
VM2285 previewScripts.js:16 1.x:  399.6954805623253
VM2285 previewScripts.js:16 1.y:  196.61249499107197
VM2285 previewScripts.js:16 2.x:  341.6117338362725
VM2285 previewScripts.js:16 2.y:  199.9915656894736
VM2285 previewScripts.js:16 3.x:  431.6764691745096
VM2285 previewScripts.js:16 3.y:  217.50084369503264
VM2285 previewScripts.js:16 4.x:  307.96889872114093
VM2285 previewScripts.js:16 4.y:  226.44090262072825
VM2285 previewScripts.js:16 5.x:  484.82683802673455
VM2285 previewScripts.js:16 5.y:  339.7049301177205
VM2285 previewScripts.js:16 6.x:  266.17063050149244
VM2285 previewScripts.js:16 6.y:  359.1840001900061
VM2285 previewScripts.js:16 7.x:  611.7105941326297
VM2285 previewScripts.js:16 7.y:  509.72106100755354
VM2285 previewScripts.js:16 8.x:  201.99547081662897
VM2285 previewScripts.js:16 8.y:  496.85818023384195
VM2285 previewScripts.js:16 9.x:  551.3354242335982
VM2285 previewScripts.js:16 9.y:  444.6611275775158
VM2285 previewScripts.js:16 10.x:  244.53277885332906
VM2285 previewScripts.js:16 10.y:  498.6645674380178
VM2285 previewScripts.js:16 11.x:  481.5583729883383
VM2285 previewScripts.js:16 11.y:  554.9761281747799
VM2285 previewScripts.js:16 12.x:  302.86889267711376
VM2285 previewScripts.js:16 12.y:  552.3015506736948
VM2285 previewScripts.js:16 13.x:  486.3551512006198
VM2285 previewScripts.js:16 13.y:  549.0904072246589
VM2285 previewScripts.js:16 14.x:  320.7745991905762
VM2285 previewScripts.js:16 14.y:  554.3752885190135
VM2285 previewScripts.js:16 15.x:  476.9235715810318
VM2285 previewScripts.js:16 15.y:  559.7518589250293
VM2285 previewScripts.js:16 16.x:  315.6706315127962
VM2285 previewScripts.js:16 16.y:  556.1349784746969
VM2285 previewScripts.js:16 Time elapsed:  6418.760000029579
VM2285 previewScripts.js:16 ----------------------------
VM2285 previewScripts.js:16 0.x:  363.9347497296844
VM2285 previewScripts.js:16 0.y:  229.90868759898876
VM2285 previewScripts.js:16 1.x:  394.0031620494106
VM2285 previewScripts.js:16 1.y:  197.04810114631874
VM2285 previewScripts.js:16 2.x:  333.13498989648053
VM2285 previewScripts.js:16 2.y:  198.9282911423354
VM2285 previewScripts.js:16 3.x:  424.8236530147798
VM2285 previewScripts.js:16 3.y:  219.52610211065638
VM2285 previewScripts.js:16 4.x:  303.31116436517726
VM2285 previewScripts.js:16 4.y:  224.48646114118844
VM2285 previewScripts.js:16 5.x:  474.4060175786009
VM2285 previewScripts.js:16 5.y:  328.4387635348136
VM2285 previewScripts.js:16 6.x:  260.35250219452917
VM2285 previewScripts.js:16 6.y:  368.425568400303
VM2285 previewScripts.js:16 7.x:  616.1734918962445
VM2285 previewScripts.js:16 7.y:  492.4793289511756
VM2285 previewScripts.js:16 8.x:  150.01125045687132
VM2285 previewScripts.js:16 8.y:  484.0868093628168
VM2285 previewScripts.js:16 9.x:  562.2784090692769
VM2285 previewScripts.js:16 9.y:  474.026933934024
VM2285 previewScripts.js:16 10.x:  209.49589838990923
VM2285 previewScripts.js:16 10.y:  411.6450907984207
VM2285 previewScripts.js:16 11.x:  478.9177142992819
VM2285 previewScripts.js:16 11.y:  549.932861328125
VM2285 previewScripts.js:16 12.x:  282.8125065437302
VM2285 previewScripts.js:16 12.y:  551.5822335107516
VM2285 previewScripts.js:16 13.x:  481.30136501022247
VM2285 previewScripts.js:16 13.y:  544.008621305053
VM2285 previewScripts.js:16 14.x:  301.95886533859874
VM2285 previewScripts.js:16 14.y:  552.2215851008543
VM2285 previewScripts.js:16 15.x:  477.2287451314647
VM2285 previewScripts.js:16 15.y:  560.9731942635995
VM2285 previewScripts.js:16 16.x:  297.3404479445073
VM2285 previewScripts.js:16 16.y:  556.1276105319315
VM2285 previewScripts.js:16 Time elapsed:  6498.240000102669
VM2285 previewScripts.js:16 ----------------------------
VM2285 previewScripts.js:16 0.x:  362.6252782275105
VM2285 previewScripts.js:16 0.y:  227.61782819067525
VM2285 previewScripts.js:16 1.x:  390.628457469085
VM2285 previewScripts.js:16 1.y:  196.6710714894196
VM2285 previewScripts.js:16 2.x:  330.13894540292245
VM2285 previewScripts.js:16 2.y:  199.4397687354283
VM2285 previewScripts.js:16 3.x:  419.0871778752139
VM2285 previewScripts.js:16 3.y:  214.3321629574424
VM2285 previewScripts.js:16 4.x:  296.57032302945674
VM2285 previewScripts.js:16 4.y:  225.53495529799432
VM2285 previewScripts.js:16 5.x:  479.37086637024754
VM2285 previewScripts.js:16 5.y:  336.8318018625122
VM2285 previewScripts.js:16 6.x:  263.35903442858717
VM2285 previewScripts.js:16 6.y:  364.49825056347464
VM2285 previewScripts.js:16 7.x:  618.9236349064936
VM2285 previewScripts.js:16 7.y:  468.85278356005574
VM2285 previewScripts.js:16 8.x:  154.62134407742445
VM2285 previewScripts.js:16 8.y:  480.01230340254926
VM2285 previewScripts.js:16 9.x:  602.6591768320541
VM2285 previewScripts.js:16 9.y:  467.03976993672325
VM2285 previewScripts.js:16 10.x:  179.34350640220717
VM2285 previewScripts.js:16 10.y:  415.8920552809568
VM2285 previewScripts.js:16 11.x:  498.6657202871222
VM2285 previewScripts.js:16 11.y:  554.9839509067943
VM2285 previewScripts.js:16 12.x:  300.6480452331186
VM2285 previewScripts.js:16 12.y:  550.2471923828125
VM2285 previewScripts.js:16 13.x:  500.668103402121
VM2285 previewScripts.js:16 13.y:  539.7923429016946
VM2285 previewScripts.js:16 14.x:  300.39086310254663
VM2285 previewScripts.js:16 14.y:  549.5090774625365
VM2285 previewScripts.js:16 15.x:  497.6718782123766
VM2285 previewScripts.js:16 15.y:  559.611028332924
VM2285 previewScripts.js:16 16.x:  296.79700557716177
VM2285 previewScripts.js:16 16.y:  555.2129820587575
VM2285 previewScripts.js:16 Time elapsed:  6775.725000072271
VM2285 previewScripts.js:16 ----------------------------
VM2285 previewScripts.js:16 0.x:  357.58440712971526
VM2285 previewScripts.js:16 0.y:  227.5336597583912
VM2285 previewScripts.js:16 1.x:  384.6997094107882
VM2285 previewScripts.js:16 1.y:  196.84583667658455
VM2285 previewScripts.js:16 2.x:  323.79518772891157
VM2285 previewScripts.js:16 2.y:  197.36028898064387
VM2285 previewScripts.js:16 3.x:  413.6225727520026
VM2285 previewScripts.js:16 3.y:  215.51552607069704
VM2285 previewScripts.js:16 4.x:  288.3350995456034
VM2285 previewScripts.js:16 4.y:  222.03022203947364
VM2285 previewScripts.js:16 5.x:  464.39475492659597
VM2285 previewScripts.js:16 5.y:  322.9112889102095
VM2285 previewScripts.js:16 6.x:  232.91076838621618
VM2285 previewScripts.js:16 6.y:  387.83280459993296
VM2285 previewScripts.js:16 7.x:  602.8582680388035
VM2285 previewScripts.js:16 7.y:  395.08370947884305
VM2285 previewScripts.js:16 8.x:  199.9725933335213
VM2285 previewScripts.js:16 8.y:  555.7109792608964
VM2285 previewScripts.js:16 9.x:  570.7139548734847
VM2285 previewScripts.js:16 9.y:  382.2560866209034
VM2285 previewScripts.js:16 10.x:  255.16288415265592
VM2285 previewScripts.js:16 10.y:  541.7453919051916
VM2285 previewScripts.js:16 11.x:  478.91536886464314
VM2285 previewScripts.js:16 11.y:  533.7261713039107
VM2285 previewScripts.js:16 12.x:  283.26195967824833
VM2285 previewScripts.js:16 12.y:  552.5365735029849
VM2285 previewScripts.js:16 13.x:  476.04000009756106
VM2285 previewScripts.js:16 13.y:  542.5986303734733
VM2285 previewScripts.js:16 14.x:  301.8284874631647
VM2285 previewScripts.js:16 14.y:  550.0288459525005
VM2285 previewScripts.js:16 15.x:  474.25057751393456
VM2285 previewScripts.js:16 15.y:  554.5596459223281
VM2285 previewScripts.js:16 16.x:  317.6372496844732
VM2285 previewScripts.js:16 16.y:  559.3025923983628
VM2285 previewScripts.js:16 Time elapsed:  6855.154999997467
VM2285 previewScripts.js:16 ----------------------------
VM2285 previewScripts.js:16 0.x:  360.7916163096883
VM2285 previewScripts.js:16 0.y:  230.2245254962765
VM2285 previewScripts.js:16 1.x:  389.33190120823434
VM2285 previewScripts.js:16 1.y:  196.74604389867352
VM2285 previewScripts.js:16 2.x:  325.15906558864066
VM2285 previewScripts.js:16 2.y:  200.13672507064848
VM2285 previewScripts.js:16 3.x:  415.58193541409673
VM2285 previewScripts.js:16 3.y:  215.2763869376675
VM2285 previewScripts.js:16 4.x:  288.9383279603359
VM2285 previewScripts.js:16 4.y:  221.21990464119415
VM2285 previewScripts.js:16 5.x:  464.24440142239274
VM2285 previewScripts.js:16 5.y:  326.4241703026011
VM2285 previewScripts.js:16 6.x:  231.45077354029604
VM2285 previewScripts.js:16 6.y:  386.28049378274244
VM2285 previewScripts.js:16 7.x:  605.4459278485928
VM2285 previewScripts.js:16 7.y:  392.3316494530869
VM2285 previewScripts.js:16 8.x:  180.5980294210869
VM2285 previewScripts.js:16 8.y:  552.7653518290083
VM2285 previewScripts.js:16 9.x:  575.0198510004531
VM2285 previewScripts.js:16 9.y:  357.05977992007604
VM2285 previewScripts.js:16 10.x:  253.29295018960158
VM2285 previewScripts.js:16 10.y:  541.9685209099545
VM2285 previewScripts.js:16 11.x:  473.8338299429672
VM2285 previewScripts.js:16 11.y:  529.5103832341541
VM2285 previewScripts.js:16 12.x:  284.47086683723194
VM2285 previewScripts.js:16 12.y:  549.3944039447033
VM2285 previewScripts.js:16 13.x:  459.01621803670366
VM2285 previewScripts.js:16 13.y:  548.9390840586166
VM2285 previewScripts.js:16 14.x:  301.38957612928124
VM2285 previewScripts.js:16 14.y:  549.5879978231984
VM2285 previewScripts.js:16 15.x:  456.2900660702592
VM2285 previewScripts.js:16 15.y:  558.1929175988507
VM2285 previewScripts.js:16 16.x:  298.9075650666889
VM2285 previewScripts.js:16 16.y:  557.7492041336862
VM2285 previewScripts.js:16 Time elapsed:  6957.4899999424815
VM2285 previewScripts.js:16 ----------------------------
VM2285 previewScripts.js:16 0.x:  368.77652173850964
VM2285 previewScripts.js:16 0.y:  231.48167243942646
VM2285 previewScripts.js:16 1.x:  396.2120999044377
VM2285 previewScripts.js:16 1.y:  199.16611857349176
VM2285 previewScripts.js:16 2.x:  332.558412310208
VM2285 previewScripts.js:16 2.y:  202.54430521766113
VM2285 previewScripts.js:16 3.x:  425.34569098935486
VM2285 previewScripts.js:16 3.y:  225.96095213416027
VM2285 previewScripts.js:16 4.x:  291.5779289260477
VM2285 previewScripts.js:16 4.y:  224.1395202993649
VM2285 previewScripts.js:16 5.x:  473.4261870802494
VM2285 previewScripts.js:16 5.y:  337.2841378076267
VM2285 previewScripts.js:16 6.x:  238.25750458774974
VM2285 previewScripts.js:16 6.y:  379.9982905992058
VM2285 previewScripts.js:16 7.x:  611.3664391352187
VM2285 previewScripts.js:16 7.y:  408.5163483796296
VM2285 previewScripts.js:16 8.x:  180.07800055758528
VM2285 previewScripts.js:16 8.y:  552.6329632437485
VM2285 previewScripts.js:16 9.x:  560.5984351323594
VM2285 previewScripts.js:16 9.y:  358.3081427977564
VM2285 previewScripts.js:16 10.x:  204.90387617263644
VM2285 previewScripts.js:16 10.y:  536.8095921447634
VM2285 previewScripts.js:16 11.x:  455.844454402812
VM2285 previewScripts.js:16 11.y:  530.8556272272477
VM2285 previewScripts.js:16 12.x:  282.04607630798455
VM2285 previewScripts.js:16 12.y:  535.119980185585
VM2285 previewScripts.js:16 13.x:  434.92672360663755
VM2285 previewScripts.js:16 13.y:  540.938000149197
VM2285 previewScripts.js:16 14.x:  300.0178060104043
VM2285 previewScripts.js:16 14.y:  536.9737404271176
VM2285 previewScripts.js:16 15.x:  435.45200280975877
VM2285 previewScripts.js:16 15.y:  555.6900738275539
VM2285 previewScripts.js:16 16.x:  299.6198867589642
VM2285 previewScripts.js:16 16.y:  556.0609236748827
VM2285 previewScripts.js:16 Time elapsed:  7331.805000081658
VM2285 previewScripts.js:16 ----------------------------
VM2285 previewScripts.js:16 0.x:  398.62969210738095
VM2285 previewScripts.js:16 0.y:  250.2302268699363
VM2285 previewScripts.js:16 1.x:  426.3010833323815
VM2285 previewScripts.js:16 1.y:  216.73765840586162
VM2285 previewScripts.js:16 2.x:  364.1581071701198
VM2285 previewScripts.js:16 2.y:  216.88468412581472
VM2285 previewScripts.js:16 3.x:  454.73848190456334
VM2285 previewScripts.js:16 3.y:  235.54394340886938
VM2285 previewScripts.js:16 4.x:  323.43948602211634
VM2285 previewScripts.js:16 4.y:  234.0162982903493
VM2285 previewScripts.js:16 5.x:  473.8372190003274
VM2285 previewScripts.js:16 5.y:  343.5529385393823
VM2285 previewScripts.js:16 6.x:  250.5484526338633
VM2285 previewScripts.js:16 6.y:  368.1154592413651
VM2285 previewScripts.js:16 7.x:  569.4801494159661
VM2285 previewScripts.js:16 7.y:  458.511070154796
VM2285 previewScripts.js:16 8.x:  154.46375142296387
VM2285 previewScripts.js:16 8.y:  492.44122481020804
VM2285 previewScripts.js:16 9.x:  583.8194111309089
VM2285 previewScripts.js:16 9.y:  445.61975311814695
VM2285 previewScripts.js:16 10.x:  205.97896702340702
VM2285 previewScripts.js:16 10.y:  431.34306493093624
VM2285 previewScripts.js:16 11.x:  439.57579666643346
VM2285 previewScripts.js:16 11.y:  550.2896362066733
VM2285 previewScripts.js:16 12.x:  263.52510864971674
VM2285 previewScripts.js:16 12.y:  550.6250374777275
VM2285 previewScripts.js:16 13.x:  443.10372871265076
VM2285 previewScripts.js:16 13.y:  552.0463517395376
VM2285 previewScripts.js:16 14.x:  279.7268120540745
VM2285 previewScripts.js:16 14.y:  535.7597267790379
VM2285 previewScripts.js:16 15.x:  438.19168053640027
VM2285 previewScripts.js:16 15.y:  559.4699977108842
VM2285 previewScripts.js:16 16.x:  279.1529497254429
VM2285 previewScripts.js:16 16.y:  553.8908868086966
VM2285 previewScripts.js:16 Time elapsed:  7432.000000029802
VM2285 previewScripts.js:16 ----------------------------
"DevTools failed to load SourceMap: Could not load content for chrome-extension://gighmmpiobklfepjocnamgkkbiglidom/include.preload.js.map: HTTP error: status code 404, net::ERR_UNKNOWN_URL_SCHEME"
"DevTools failed to load SourceMap: Could not load content for chrome-extension://gighmmpiobklfepjocnamgkkbiglidom/include.postload.js.map: HTTP error: status code 404, net::ERR_UNKNOWN_URL_SCHEME"